"BROKEN","EPIC","FAILED","FEATURE","PASSED","SKIPPED","STORY","UNKNOWN"
"0","","0","retirement saving calculator page: Calculate retirement needs single maritial status pepole","6","0","","0"
"6","","0","retirement saving calculator page: Calculate retirement needs with maritial status and social security income","18","0","","0"
"6","","0","retirement saving calculator page: Calculate retirement needs single maritial status people","18","0","","0"
"0","","14","","0","0","","0"
"1","","0","retirement saving calculator page: Calculate retirement needs without social security income","4","0","","0"
"7","","0","retirement saving calculator page: Calculate retirement need with  using of invalid age credentials","15","0","","0"
"4","","1","retirement saving calculator page: Calculate retirement needs with data sheet values","10","1","","0"
"0","","0","retirement saving calculator page: User checking the error message for retirement calculator with different set of invalid age data.","6","0","","0"
"4","","0","retirement saving calculator page: Calculate retirement needs without maritial status and social security income","12","0","","0"
"1","","0","google page login: Calculate retirement needs with positive values","11","0","","0"
"0","","0","retirement saving calculator page: Calculate retirement needs with marital status and social security income","7","0","","0"
"0","","0","google page login: Calculate retirement needs with negative values","9","1","","0"
"0","","0","The Internet Guinea Pig Website: As a user, I can log into the secure area","5","0","","0"
"0","","0","retirement saving calculator page: Calculate retirement needs without marital status and social security income","4","0","","0"
"0","","0","retirement saving calculator page: Calculate retirement needs single marital status people","6","0","","0"
